{
    "AWSTemplateFormatVersion": "2010-09-09",
    "Description": "Creates a CloudWatch Dashboard with four CloudWatch Logs Insights log widgets that query VPC flow logs for NAT Gateway, related to https://repost.aws/knowledge-center/vpc-find-traffic-sources-nat-gateway",
    "Parameters": {
        "NatGatewayPrivateIP": {
            "Description": "The private IP address of the NAT Gateway",
            "Type": "String"
        },
        "NatGatewayID": {
            "Description": "The ID of the NAT Gateway",
            "Type": "String"
        },
        "VpcCidr": {
            "Description": "The CIDR block of the VPC",
            "Type": "String"
        },
        "LogGroupName": {
            "Description": "The ARN of the log group to query",
            "Type": "String"
        }
    },
    "Resources": {
        "CloudWatchDashboard": {
            "Type": "AWS::CloudWatch::Dashboard",
            "Properties": {
                "DashboardName": {
                    "Fn::Sub": "${NatGatewayID}-Traffic-Dashboard"
                },
                "DashboardBody": {
                    "Fn::Sub": "{\n  \"widgets\": [\n    {\n      \"type\": \"log\",\n      \"x\": 0,\n      \"y\": 0,\n      \"width\": 12,\n      \"height\": 9,\n      \"properties\": {\n        \"query\": \"SOURCE '${LogGroupName}' | fields @timestamp, @message | filter (dstAddr like '${NatGatewayPrivateIP}' and isIpv4InSubnet(srcAddr, '${VpcCidr}')) | stats sum(bytes) as bytesTransferred by srcAddr, dstAddr | sort bytesTransferred desc | limit 10\",\n        \"region\": \"${AWS::Region}\",\n        \"stacked\": false,\n        \"title\": \"Top 10 - Instances sending most traffic through NAT gateway ${NatGatewayID}\", \n        \"view\": \"table\"\n      }\n    },\n    {\n      \"type\": \"log\",\n      \"x\": 12,\n      \"y\": 0,\n      \"width\": 12,\n      \"height\": 9,\n      \"properties\": {\n        \"query\": \"SOURCE '${LogGroupName}' | fields @timestamp, @message | filter (dstAddr like '${NatGatewayPrivateIP}' and isIpv4InSubnet(srcAddr, '${VpcCidr}')) or (srcAddr like '${NatGatewayPrivateIP}' and isIpv4InSubnet(dstAddr, '${VpcCidr}'))| stats sum(bytes) as bytesTransferred by srcAddr, dstAddr | sort bytesTransferred desc | limit 10\",\n        \"region\": \"${AWS::Region}\",\n        \"stacked\": false,\n        \"title\": \"Top 10 - Traffic To and from NAT gateway ${NatGatewayID}\",\n        \"view\": \"table\"\n      }\n    },\n    {\n      \"type\": \"log\",\n      \"x\": 0,\n      \"y\": 9,\n      \"width\": 12,\n      \"height\": 9,\n      \"properties\": {\n        \"query\": \"SOURCE '${LogGroupName}' | fields @timestamp, @message | filter (srcAddr like '${NatGatewayPrivateIP}' and not isIpv4InSubnet(dstAddr, '${VpcCidr}')) | stats sum(bytes) as bytesTransferred by srcAddr, dstAddr | sort bytesTransferred desc | limit 10\",\n        \"region\": \"${AWS::Region}\",\n        \"stacked\": false,\n        \"title\": \"Top 10 - Most often upload communication destinations through NAT Gateway ${NatGatewayID}\",\n        \"view\": \"table\"\n      }\n    },\n    {\n      \"type\": \"log\",\n      \"x\": 12,\n      \"y\": 9,\n      \"width\": 12,\n      \"height\": 9,\n      \"properties\": {\n        \"query\": \"SOURCE '${LogGroupName}' | fields @timestamp, @message | filter (dstAddr like '${NatGatewayPrivateIP}' and not isIpv4InSubnet(srcAddr, '${VpcCidr}')) | stats sum(bytes) as bytesTransferred by srcAddr, dstAddr | sort bytesTransferred desc | limit 10\",\n        \"region\": \"${AWS::Region}\",\n        \"stacked\": false,\n        \"title\": \"Top 10 - Most often download communication destinations through NAT Gateway ${NatGatewayID}\",\n        \"view\": \"table\"\n      }\n    }\n  ]\n}\n"
                }
            }
        }
    },
    "Outputs": {
        "DashboardArn": {
            "Description": "ARN of the created CloudWatch Dashboard",
            "Value": {
                "Ref": "CloudWatchDashboard"
            }
        }
    }
}
