{
    "Description": "Creates a static website using S3 and CloudFront that passes typical\ncompliance checks.  Generated by CloudFormation Rain (rain build -b bucket\nwebsite). Adapt this template to your needs and thoruoughly test it before\nintroducing it in a production environment. **WARNING** This template will\ncreate resources in your account that may incur billing charges.\n",
    "Parameters": {
        "AppName": {
            "Description": "This name be used as a prefix for resource names",
            "Type": "String"
        },
        "WebACL": {
            "Description": "The web acl id of a CLOUDFRONT scoped web acl in us-east-1",
            "Type": "String"
        }
    },
    "Resources": {
        "CloudFrontLogsBucket": {
            "Type": "AWS::S3::Bucket",
            "Metadata": {
                "guard": {
                    "SuppressedRules": [
                        "S3_BUCKET_DEFAULT_LOCK_ENABLED"
                    ]
                }
            },
            "Properties": {
                "BucketEncryption": {
                    "ServerSideEncryptionConfiguration": [
                        {
                            "ServerSideEncryptionByDefault": {
                                "SSEAlgorithm": "AES256"
                            }
                        }
                    ]
                },
                "BucketName": {
                    "Fn::Sub": "${AppName}-cflogs-${AWS::Region}-${AWS::AccountId}"
                },
                "LoggingConfiguration": {
                    "DestinationBucketName": {
                        "Ref": "CloudFrontLogsLogBucket"
                    }
                },
                "ObjectLockEnabled": false,
                "PublicAccessBlockConfiguration": {
                    "BlockPublicAcls": true,
                    "BlockPublicPolicy": true,
                    "IgnorePublicAcls": true,
                    "RestrictPublicBuckets": true
                },
                "ReplicationConfiguration": {
                    "Role": {
                        "Fn::GetAtt": [
                            "CloudFrontLogsReplicationRole",
                            "Arn"
                        ]
                    },
                    "Rules": [
                        {
                            "Destination": {
                                "Bucket": {
                                    "Fn::GetAtt": [
                                        "CloudFrontLogsReplicaBucket",
                                        "Arn"
                                    ]
                                }
                            },
                            "Status": "Enabled"
                        }
                    ]
                },
                "VersioningConfiguration": {
                    "Status": "Enabled"
                }
            }
        },
        "CloudFrontLogsBucketPolicyPolicy": {
            "Type": "AWS::S3::BucketPolicy",
            "Properties": {
                "Bucket": {
                    "Fn::Sub": "${AppName}-cflogs-${AWS::Region}-${AWS::AccountId}"
                },
                "PolicyDocument": {
                    "Statement": [
                        {
                            "Action": "s3:*",
                            "Condition": {
                                "Bool": {
                                    "aws:SecureTransport": false
                                }
                            },
                            "Effect": "Deny",
                            "Principal": {
                                "AWS": "*"
                            },
                            "Resource": [
                                {
                                    "Fn::Sub": "arn:${AWS::Partition}:s3:::${AppName}-cflogs-${AWS::Region}-${AWS::AccountId}"
                                },
                                {
                                    "Fn::Sub": "arn:${AWS::Partition}:s3:::${AppName}-cflogs-${AWS::Region}-${AWS::AccountId}/*"
                                }
                            ]
                        },
                        {
                            "Action": "s3:PutObject",
                            "Condition": {
                                "ArnLike": {
                                    "aws:SourceArn": {
                                        "Fn::Sub": "arn:${AWS::Partition}:s3:::${AppName}-cflogs-${AWS::Region}-${AWS::AccountId}"
                                    }
                                },
                                "StringEquals": {
                                    "aws:SourceAccount": {
                                        "Ref": "AWS::AccountId"
                                    }
                                }
                            },
                            "Effect": "Allow",
                            "Principal": {
                                "Service": "logging.s3.amazonaws.com"
                            },
                            "Resource": [
                                {
                                    "Fn::Sub": "arn:${AWS::Partition}:s3:::${AppName}-cflogs-${AWS::Region}-${AWS::AccountId}/*"
                                }
                            ]
                        }
                    ],
                    "Version": "2012-10-17"
                }
            }
        },
        "CloudFrontLogsLogBucket": {
            "Type": "AWS::S3::Bucket",
            "Metadata": {
                "Comment": "This bucket records access logs for the main bucket",
                "checkov": {
                    "skip": [
                        {
                            "comment": "This is the log bucket",
                            "id": "CKV_AWS_18"
                        }
                    ]
                },
                "guard": {
                    "SuppressedRules": [
                        "S3_BUCKET_LOGGING_ENABLED",
                        "S3_BUCKET_REPLICATION_ENABLED"
                    ]
                }
            },
            "Properties": {
                "BucketEncryption": {
                    "ServerSideEncryptionConfiguration": [
                        {
                            "ServerSideEncryptionByDefault": {
                                "SSEAlgorithm": "AES256"
                            }
                        }
                    ]
                },
                "BucketName": {
                    "Fn::Sub": "${AppName}-cflogs-logs-${AWS::Region}-${AWS::AccountId}"
                },
                "ObjectLockConfiguration": {
                    "ObjectLockEnabled": "Enabled",
                    "Rule": {
                        "DefaultRetention": {
                            "Mode": "COMPLIANCE",
                            "Years": 1
                        }
                    }
                },
                "ObjectLockEnabled": true,
                "PublicAccessBlockConfiguration": {
                    "BlockPublicAcls": true,
                    "BlockPublicPolicy": true,
                    "IgnorePublicAcls": true,
                    "RestrictPublicBuckets": true
                },
                "VersioningConfiguration": {
                    "Status": "Enabled"
                }
            }
        },
        "CloudFrontLogsLogBucketPolicyPolicy": {
            "Type": "AWS::S3::BucketPolicy",
            "Properties": {
                "Bucket": {
                    "Fn::Sub": "${AppName}-cflogs-logs-${AWS::Region}-${AWS::AccountId}"
                },
                "PolicyDocument": {
                    "Statement": [
                        {
                            "Action": "s3:*",
                            "Condition": {
                                "Bool": {
                                    "aws:SecureTransport": false
                                }
                            },
                            "Effect": "Deny",
                            "Principal": {
                                "AWS": "*"
                            },
                            "Resource": [
                                {
                                    "Fn::Sub": "arn:${AWS::Partition}:s3:::${AppName}-cflogs-logs-${AWS::Region}-${AWS::AccountId}"
                                },
                                {
                                    "Fn::Sub": "arn:${AWS::Partition}:s3:::${AppName}-cflogs-logs-${AWS::Region}-${AWS::AccountId}/*"
                                }
                            ]
                        },
                        {
                            "Action": "s3:PutObject",
                            "Condition": {
                                "ArnLike": {
                                    "aws:SourceArn": {
                                        "Fn::Sub": "arn:${AWS::Partition}:s3:::${AppName}-cflogs-logs-${AWS::Region}-${AWS::AccountId}"
                                    }
                                },
                                "StringEquals": {
                                    "aws:SourceAccount": {
                                        "Ref": "AWS::AccountId"
                                    }
                                }
                            },
                            "Effect": "Allow",
                            "Principal": {
                                "Service": "logging.s3.amazonaws.com"
                            },
                            "Resource": [
                                {
                                    "Fn::Sub": "arn:${AWS::Partition}:s3:::${AppName}-cflogs-logs-${AWS::Region}-${AWS::AccountId}/*"
                                }
                            ]
                        }
                    ],
                    "Version": "2012-10-17"
                }
            }
        },
        "CloudFrontLogsReplicaBucket": {
            "Type": "AWS::S3::Bucket",
            "Metadata": {
                "Comment": "This bucket is used as a target for replicas from the main bucket",
                "checkov": {
                    "skip": [
                        {
                            "comment": "This is the replica bucket",
                            "id": "CKV_AWS_18"
                        }
                    ]
                },
                "guard": {
                    "SuppressedRules": [
                        "S3_BUCKET_DEFAULT_LOCK_ENABLED",
                        "S3_BUCKET_REPLICATION_ENABLED",
                        "S3_BUCKET_LOGGING_ENABLED"
                    ]
                }
            },
            "Properties": {
                "BucketEncryption": {
                    "ServerSideEncryptionConfiguration": [
                        {
                            "ServerSideEncryptionByDefault": {
                                "SSEAlgorithm": "AES256"
                            }
                        }
                    ]
                },
                "BucketName": {
                    "Fn::Sub": "${AppName}-cflogs-replicas-${AWS::Region}-${AWS::AccountId}"
                },
                "ObjectLockEnabled": false,
                "PublicAccessBlockConfiguration": {
                    "BlockPublicAcls": true,
                    "BlockPublicPolicy": true,
                    "IgnorePublicAcls": true,
                    "RestrictPublicBuckets": true
                },
                "VersioningConfiguration": {
                    "Status": "Enabled"
                }
            }
        },
        "CloudFrontLogsReplicaBucketPolicyPolicy": {
            "Type": "AWS::S3::BucketPolicy",
            "Properties": {
                "Bucket": {
                    "Fn::Sub": "${AppName}-cflogs-replicas-${AWS::Region}-${AWS::AccountId}"
                },
                "PolicyDocument": {
                    "Statement": [
                        {
                            "Action": "s3:*",
                            "Condition": {
                                "Bool": {
                                    "aws:SecureTransport": false
                                }
                            },
                            "Effect": "Deny",
                            "Principal": {
                                "AWS": "*"
                            },
                            "Resource": [
                                {
                                    "Fn::Sub": "arn:${AWS::Partition}:s3:::${AppName}-cflogs-replicas-${AWS::Region}-${AWS::AccountId}"
                                },
                                {
                                    "Fn::Sub": "arn:${AWS::Partition}:s3:::${AppName}-cflogs-replicas-${AWS::Region}-${AWS::AccountId}/*"
                                }
                            ]
                        },
                        {
                            "Action": "s3:PutObject",
                            "Condition": {
                                "ArnLike": {
                                    "aws:SourceArn": {
                                        "Fn::Sub": "arn:${AWS::Partition}:s3:::${AppName}-cflogs-replicas-${AWS::Region}-${AWS::AccountId}"
                                    }
                                },
                                "StringEquals": {
                                    "aws:SourceAccount": {
                                        "Ref": "AWS::AccountId"
                                    }
                                }
                            },
                            "Effect": "Allow",
                            "Principal": {
                                "Service": "logging.s3.amazonaws.com"
                            },
                            "Resource": [
                                {
                                    "Fn::Sub": "arn:${AWS::Partition}:s3:::${AppName}-cflogs-replicas-${AWS::Region}-${AWS::AccountId}/*"
                                }
                            ]
                        }
                    ],
                    "Version": "2012-10-17"
                }
            }
        },
        "CloudFrontLogsReplicationPolicy": {
            "Type": "AWS::IAM::RolePolicy",
            "Properties": {
                "PolicyDocument": {
                    "Statement": [
                        {
                            "Action": [
                                "s3:GetReplicationConfiguration",
                                "s3:ListBucket"
                            ],
                            "Effect": "Allow",
                            "Resource": {
                                "Fn::Sub": "arn:${AWS::Partition}:s3:::${AppName}-cflogs-${AWS::Region}-${AWS::AccountId}"
                            }
                        },
                        {
                            "Action": [
                                "s3:GetObjectVersionForReplication",
                                "s3:GetObjectVersionAcl",
                                "s3:GetObjectVersionTagging"
                            ],
                            "Effect": "Allow",
                            "Resource": {
                                "Fn::Sub": "arn:${AWS::Partition}:s3:::${AppName}-cflogs-${AWS::Region}-${AWS::AccountId}/*"
                            }
                        },
                        {
                            "Action": [
                                "s3:ReplicateObject",
                                "s3:ReplicateDelete",
                                "s3:ReplicationTags"
                            ],
                            "Effect": "Allow",
                            "Resource": {
                                "Fn::Sub": "arn:${AWS::Partition}:s3:::${AppName}-cflogs-replicas-${AWS::Region}-${AWS::AccountId}/*"
                            }
                        }
                    ],
                    "Version": "2012-10-17"
                },
                "PolicyName": "bucket-replication-policy",
                "RoleName": {
                    "Ref": "CloudFrontLogsReplicationRole"
                }
            }
        },
        "CloudFrontLogsReplicationRole": {
            "Type": "AWS::IAM::Role",
            "Properties": {
                "AssumeRolePolicyDocument": {
                    "Statement": [
                        {
                            "Action": [
                                "sts:AssumeRole"
                            ],
                            "Effect": "Allow",
                            "Principal": {
                                "Service": [
                                    "s3.amazonaws.com"
                                ]
                            }
                        }
                    ],
                    "Version": "2012-10-17"
                },
                "Path": "/"
            }
        },
        "ContentBucket": {
            "Type": "AWS::S3::Bucket",
            "Metadata": {
                "guard": {
                    "SuppressedRules": [
                        "S3_BUCKET_DEFAULT_LOCK_ENABLED"
                    ]
                }
            },
            "Properties": {
                "BucketEncryption": {
                    "ServerSideEncryptionConfiguration": [
                        {
                            "ServerSideEncryptionByDefault": {
                                "SSEAlgorithm": "AES256"
                            }
                        }
                    ]
                },
                "BucketName": {
                    "Fn::Sub": "${AppName}-${AWS::Region}-${AWS::AccountId}"
                },
                "LoggingConfiguration": {
                    "DestinationBucketName": {
                        "Ref": "ContentLogBucket"
                    }
                },
                "ObjectLockEnabled": false,
                "PublicAccessBlockConfiguration": {
                    "BlockPublicAcls": true,
                    "BlockPublicPolicy": true,
                    "IgnorePublicAcls": true,
                    "RestrictPublicBuckets": true
                },
                "ReplicationConfiguration": {
                    "Role": {
                        "Fn::GetAtt": [
                            "ContentReplicationRole",
                            "Arn"
                        ]
                    },
                    "Rules": [
                        {
                            "Destination": {
                                "Bucket": {
                                    "Fn::GetAtt": [
                                        "ContentReplicaBucket",
                                        "Arn"
                                    ]
                                }
                            },
                            "Status": "Enabled"
                        }
                    ]
                },
                "VersioningConfiguration": {
                    "Status": "Enabled"
                }
            }
        },
        "ContentBucketPolicyPolicy": {
            "Type": "AWS::S3::BucketPolicy",
            "Properties": {
                "Bucket": {
                    "Fn::Sub": "${AppName}-${AWS::Region}-${AWS::AccountId}"
                },
                "PolicyDocument": {
                    "Statement": [
                        {
                            "Action": "s3:*",
                            "Condition": {
                                "Bool": {
                                    "aws:SecureTransport": false
                                }
                            },
                            "Effect": "Deny",
                            "Principal": {
                                "AWS": "*"
                            },
                            "Resource": [
                                {
                                    "Fn::Sub": "arn:${AWS::Partition}:s3:::${AppName}-${AWS::Region}-${AWS::AccountId}"
                                },
                                {
                                    "Fn::Sub": "arn:${AWS::Partition}:s3:::${AppName}-${AWS::Region}-${AWS::AccountId}/*"
                                }
                            ]
                        },
                        {
                            "Action": "s3:PutObject",
                            "Condition": {
                                "ArnLike": {
                                    "aws:SourceArn": {
                                        "Fn::Sub": "arn:${AWS::Partition}:s3:::${AppName}-${AWS::Region}-${AWS::AccountId}"
                                    }
                                },
                                "StringEquals": {
                                    "aws:SourceAccount": {
                                        "Ref": "AWS::AccountId"
                                    }
                                }
                            },
                            "Effect": "Allow",
                            "Principal": {
                                "Service": "logging.s3.amazonaws.com"
                            },
                            "Resource": [
                                {
                                    "Fn::Sub": "arn:${AWS::Partition}:s3:::${AppName}-${AWS::Region}-${AWS::AccountId}/*"
                                }
                            ]
                        }
                    ],
                    "Version": "2012-10-17"
                }
            }
        },
        "ContentLogBucket": {
            "Type": "AWS::S3::Bucket",
            "Metadata": {
                "Comment": "This bucket records access logs for the main bucket",
                "checkov": {
                    "skip": [
                        {
                            "comment": "This is the log bucket",
                            "id": "CKV_AWS_18"
                        }
                    ]
                },
                "guard": {
                    "SuppressedRules": [
                        "S3_BUCKET_LOGGING_ENABLED",
                        "S3_BUCKET_REPLICATION_ENABLED"
                    ]
                }
            },
            "Properties": {
                "BucketEncryption": {
                    "ServerSideEncryptionConfiguration": [
                        {
                            "ServerSideEncryptionByDefault": {
                                "SSEAlgorithm": "AES256"
                            }
                        }
                    ]
                },
                "BucketName": {
                    "Fn::Sub": "${AppName}-logs-${AWS::Region}-${AWS::AccountId}"
                },
                "ObjectLockConfiguration": {
                    "ObjectLockEnabled": "Enabled",
                    "Rule": {
                        "DefaultRetention": {
                            "Mode": "COMPLIANCE",
                            "Years": 1
                        }
                    }
                },
                "ObjectLockEnabled": true,
                "PublicAccessBlockConfiguration": {
                    "BlockPublicAcls": true,
                    "BlockPublicPolicy": true,
                    "IgnorePublicAcls": true,
                    "RestrictPublicBuckets": true
                },
                "VersioningConfiguration": {
                    "Status": "Enabled"
                }
            }
        },
        "ContentLogBucketPolicyPolicy": {
            "Type": "AWS::S3::BucketPolicy",
            "Properties": {
                "Bucket": {
                    "Fn::Sub": "${AppName}-logs-${AWS::Region}-${AWS::AccountId}"
                },
                "PolicyDocument": {
                    "Statement": [
                        {
                            "Action": "s3:*",
                            "Condition": {
                                "Bool": {
                                    "aws:SecureTransport": false
                                }
                            },
                            "Effect": "Deny",
                            "Principal": {
                                "AWS": "*"
                            },
                            "Resource": [
                                {
                                    "Fn::Sub": "arn:${AWS::Partition}:s3:::${AppName}-logs-${AWS::Region}-${AWS::AccountId}"
                                },
                                {
                                    "Fn::Sub": "arn:${AWS::Partition}:s3:::${AppName}-logs-${AWS::Region}-${AWS::AccountId}/*"
                                }
                            ]
                        },
                        {
                            "Action": "s3:PutObject",
                            "Condition": {
                                "ArnLike": {
                                    "aws:SourceArn": {
                                        "Fn::Sub": "arn:${AWS::Partition}:s3:::${AppName}-logs-${AWS::Region}-${AWS::AccountId}"
                                    }
                                },
                                "StringEquals": {
                                    "aws:SourceAccount": {
                                        "Ref": "AWS::AccountId"
                                    }
                                }
                            },
                            "Effect": "Allow",
                            "Principal": {
                                "Service": "logging.s3.amazonaws.com"
                            },
                            "Resource": [
                                {
                                    "Fn::Sub": "arn:${AWS::Partition}:s3:::${AppName}-logs-${AWS::Region}-${AWS::AccountId}/*"
                                }
                            ]
                        }
                    ],
                    "Version": "2012-10-17"
                }
            }
        },
        "ContentReplicaBucket": {
            "Type": "AWS::S3::Bucket",
            "Metadata": {
                "Comment": "This bucket is used as a target for replicas from the main bucket",
                "checkov": {
                    "skip": [
                        {
                            "comment": "This is the replica bucket",
                            "id": "CKV_AWS_18"
                        }
                    ]
                },
                "guard": {
                    "SuppressedRules": [
                        "S3_BUCKET_DEFAULT_LOCK_ENABLED",
                        "S3_BUCKET_REPLICATION_ENABLED",
                        "S3_BUCKET_LOGGING_ENABLED"
                    ]
                }
            },
            "Properties": {
                "BucketEncryption": {
                    "ServerSideEncryptionConfiguration": [
                        {
                            "ServerSideEncryptionByDefault": {
                                "SSEAlgorithm": "AES256"
                            }
                        }
                    ]
                },
                "BucketName": {
                    "Fn::Sub": "${AppName}-replicas-${AWS::Region}-${AWS::AccountId}"
                },
                "ObjectLockEnabled": false,
                "PublicAccessBlockConfiguration": {
                    "BlockPublicAcls": true,
                    "BlockPublicPolicy": true,
                    "IgnorePublicAcls": true,
                    "RestrictPublicBuckets": true
                },
                "VersioningConfiguration": {
                    "Status": "Enabled"
                }
            }
        },
        "ContentReplicaBucketPolicyPolicy": {
            "Type": "AWS::S3::BucketPolicy",
            "Properties": {
                "Bucket": {
                    "Fn::Sub": "${AppName}-replicas-${AWS::Region}-${AWS::AccountId}"
                },
                "PolicyDocument": {
                    "Statement": [
                        {
                            "Action": "s3:*",
                            "Condition": {
                                "Bool": {
                                    "aws:SecureTransport": false
                                }
                            },
                            "Effect": "Deny",
                            "Principal": {
                                "AWS": "*"
                            },
                            "Resource": [
                                {
                                    "Fn::Sub": "arn:${AWS::Partition}:s3:::${AppName}-replicas-${AWS::Region}-${AWS::AccountId}"
                                },
                                {
                                    "Fn::Sub": "arn:${AWS::Partition}:s3:::${AppName}-replicas-${AWS::Region}-${AWS::AccountId}/*"
                                }
                            ]
                        },
                        {
                            "Action": "s3:PutObject",
                            "Condition": {
                                "ArnLike": {
                                    "aws:SourceArn": {
                                        "Fn::Sub": "arn:${AWS::Partition}:s3:::${AppName}-replicas-${AWS::Region}-${AWS::AccountId}"
                                    }
                                },
                                "StringEquals": {
                                    "aws:SourceAccount": {
                                        "Ref": "AWS::AccountId"
                                    }
                                }
                            },
                            "Effect": "Allow",
                            "Principal": {
                                "Service": "logging.s3.amazonaws.com"
                            },
                            "Resource": [
                                {
                                    "Fn::Sub": "arn:${AWS::Partition}:s3:::${AppName}-replicas-${AWS::Region}-${AWS::AccountId}/*"
                                }
                            ]
                        }
                    ],
                    "Version": "2012-10-17"
                }
            }
        },
        "ContentReplicationPolicy": {
            "Type": "AWS::IAM::RolePolicy",
            "Properties": {
                "PolicyDocument": {
                    "Statement": [
                        {
                            "Action": [
                                "s3:GetReplicationConfiguration",
                                "s3:ListBucket"
                            ],
                            "Effect": "Allow",
                            "Resource": {
                                "Fn::Sub": "arn:${AWS::Partition}:s3:::${AppName}-${AWS::Region}-${AWS::AccountId}"
                            }
                        },
                        {
                            "Action": [
                                "s3:GetObjectVersionForReplication",
                                "s3:GetObjectVersionAcl",
                                "s3:GetObjectVersionTagging"
                            ],
                            "Effect": "Allow",
                            "Resource": {
                                "Fn::Sub": "arn:${AWS::Partition}:s3:::${AppName}-${AWS::Region}-${AWS::AccountId}/*"
                            }
                        },
                        {
                            "Action": [
                                "s3:ReplicateObject",
                                "s3:ReplicateDelete",
                                "s3:ReplicationTags"
                            ],
                            "Effect": "Allow",
                            "Resource": {
                                "Fn::Sub": "arn:${AWS::Partition}:s3:::${AppName}-replicas-${AWS::Region}-${AWS::AccountId}/*"
                            }
                        }
                    ],
                    "Version": "2012-10-17"
                },
                "PolicyName": "bucket-replication-policy",
                "RoleName": {
                    "Ref": "ContentReplicationRole"
                }
            }
        },
        "ContentReplicationRole": {
            "Type": "AWS::IAM::Role",
            "Properties": {
                "AssumeRolePolicyDocument": {
                    "Statement": [
                        {
                            "Action": [
                                "sts:AssumeRole"
                            ],
                            "Effect": "Allow",
                            "Principal": {
                                "Service": [
                                    "s3.amazonaws.com"
                                ]
                            }
                        }
                    ],
                    "Version": "2012-10-17"
                },
                "Path": "/"
            }
        },
        "Distribution": {
            "Type": "AWS::CloudFront::Distribution",
            "Metadata": {
                "checkov": {
                    "skip": [
                        {
                            "comment": "Using the default cloudfront certificate with no aliases",
                            "id": "CKV_AWS_174"
                        }
                    ]
                },
                "guard": {
                    "SuppressedRules": [
                        "CLOUDFRONT_CUSTOM_SSL_CERTIFICATE",
                        "CLOUDFRONT_ORIGIN_FAILOVER_ENABLED",
                        "CLOUDFRONT_SNI_ENABLED"
                    ]
                }
            },
            "Properties": {
                "DistributionConfig": {
                    "DefaultCacheBehavior": {
                        "CachePolicyId": "rain-build-cache-policy-1",
                        "Compress": true,
                        "TargetOriginId": "rain-build-origin-1",
                        "ViewerProtocolPolicy": "redirect-to-https"
                    },
                    "DefaultRootObject": "index.html",
                    "Enabled": true,
                    "HttpVersion": "http2",
                    "IPV6Enabled": true,
                    "Logging": {
                        "Bucket": {
                            "Fn::GetAtt": [
                                "CloudFrontLogsBucket",
                                "RegionalDomainName"
                            ]
                        }
                    },
                    "Origins": [
                        {
                            "DomainName": {
                                "Fn::GetAtt": [
                                    "ContentBucket",
                                    "RegionalDomainName"
                                ]
                            },
                            "Id": "rain-build-origin-1",
                            "OriginAccessControlId": {
                                "Fn::GetAtt": [
                                    "OriginAccessControl",
                                    "Id"
                                ]
                            },
                            "S3OriginConfig": {
                                "OriginAccessIdentity": ""
                            }
                        }
                    ],
                    "ViewerCertificate": {
                        "CloudFrontDefaultCertificate": true
                    },
                    "WebACLId": {
                        "Ref": "WebACL"
                    }
                }
            }
        },
        "OriginAccessControl": {
            "Type": "AWS::CloudFront::OriginAccessControl",
            "Properties": {
                "OriginAccessControlConfig": {
                    "Name": {
                        "Fn::Join": [
                            "",
                            [
                                "rain-build-website-",
                                {
                                    "Fn::Select": [
                                        2,
                                        {
                                            "Fn::Split": [
                                                "/",
                                                {
                                                    "Ref": "AWS::StackId"
                                                }
                                            ]
                                        }
                                    ]
                                }
                            ]
                        ]
                    },
                    "OriginAccessControlOriginType": "s3",
                    "SigningBehavior": "always",
                    "SigningProtocol": "sigv4"
                }
            }
        }
    },
    "Outputs": {
        "SiteURL": {
            "Value": {
                "Fn::Sub": "https://${Distribution.DomainName}"
            }
        }
    }
}
