{
    "Description": "A secure bucket that passes default security scanning checks.  Includes a\nbucket to store replicas and an access log bucket. Server side encryption is\nenabled. Public access is disabled. The bucket policy requires secure\ntransport. Generated by CloudFormation Rain (rain build -b bucket bucket).\nAdapt this template to your needs and thoruoughly test it before introducing\nit in a production environment. **WARNING** This template will create\nresources in your account that may incur billing charges.\n",
    "Parameters": {
        "AppName": {
            "Description": "This name be used as a prefix for resource names",
            "Type": "String"
        }
    },
    "Resources": {
        "ObjectStorageBucket": {
            "Type": "AWS::S3::Bucket",
            "Metadata": {
                "guard": {
                    "SuppressedRules": [
                        "S3_BUCKET_DEFAULT_LOCK_ENABLED"
                    ]
                }
            },
            "Properties": {
                "BucketEncryption": {
                    "ServerSideEncryptionConfiguration": [
                        {
                            "ServerSideEncryptionByDefault": {
                                "SSEAlgorithm": "AES256"
                            }
                        }
                    ]
                },
                "BucketName": {
                    "Fn::Sub": "${AppName}-${AWS::Region}-${AWS::AccountId}"
                },
                "LoggingConfiguration": {
                    "DestinationBucketName": {
                        "Ref": "ObjectStorageLogBucket"
                    }
                },
                "ObjectLockEnabled": false,
                "PublicAccessBlockConfiguration": {
                    "BlockPublicAcls": true,
                    "BlockPublicPolicy": true,
                    "IgnorePublicAcls": true,
                    "RestrictPublicBuckets": true
                },
                "ReplicationConfiguration": {
                    "Role": {
                        "Fn::GetAtt": [
                            "ObjectStorageReplicationRole",
                            "Arn"
                        ]
                    },
                    "Rules": [
                        {
                            "Destination": {
                                "Bucket": {
                                    "Fn::GetAtt": [
                                        "ObjectStorageReplicaBucket",
                                        "Arn"
                                    ]
                                }
                            },
                            "Status": "Enabled"
                        }
                    ]
                },
                "VersioningConfiguration": {
                    "Status": "Enabled"
                }
            }
        },
        "ObjectStorageBucketPolicyPolicy": {
            "Type": "AWS::S3::BucketPolicy",
            "Properties": {
                "Bucket": {
                    "Fn::Sub": "${AppName}-${AWS::Region}-${AWS::AccountId}"
                },
                "PolicyDocument": {
                    "Statement": [
                        {
                            "Action": "s3:*",
                            "Condition": {
                                "Bool": {
                                    "aws:SecureTransport": false
                                }
                            },
                            "Effect": "Deny",
                            "Principal": {
                                "AWS": "*"
                            },
                            "Resource": [
                                {
                                    "Fn::Sub": "arn:${AWS::Partition}:s3:::${AppName}-${AWS::Region}-${AWS::AccountId}"
                                },
                                {
                                    "Fn::Sub": "arn:${AWS::Partition}:s3:::${AppName}-${AWS::Region}-${AWS::AccountId}/*"
                                }
                            ]
                        },
                        {
                            "Action": "s3:PutObject",
                            "Condition": {
                                "ArnLike": {
                                    "aws:SourceArn": {
                                        "Fn::Sub": "arn:${AWS::Partition}:s3:::${AppName}-${AWS::Region}-${AWS::AccountId}"
                                    }
                                },
                                "StringEquals": {
                                    "aws:SourceAccount": {
                                        "Ref": "AWS::AccountId"
                                    }
                                }
                            },
                            "Effect": "Allow",
                            "Principal": {
                                "Service": "logging.s3.amazonaws.com"
                            },
                            "Resource": [
                                {
                                    "Fn::Sub": "arn:${AWS::Partition}:s3:::${AppName}-${AWS::Region}-${AWS::AccountId}/*"
                                }
                            ]
                        }
                    ],
                    "Version": "2012-10-17"
                }
            }
        },
        "ObjectStorageLogBucket": {
            "Type": "AWS::S3::Bucket",
            "Metadata": {
                "Comment": "This bucket records access logs for the main bucket",
                "checkov": {
                    "skip": [
                        {
                            "comment": "This is the log bucket",
                            "id": "CKV_AWS_18"
                        }
                    ]
                },
                "guard": {
                    "SuppressedRules": [
                        "S3_BUCKET_LOGGING_ENABLED",
                        "S3_BUCKET_REPLICATION_ENABLED"
                    ]
                }
            },
            "Properties": {
                "BucketEncryption": {
                    "ServerSideEncryptionConfiguration": [
                        {
                            "ServerSideEncryptionByDefault": {
                                "SSEAlgorithm": "AES256"
                            }
                        }
                    ]
                },
                "BucketName": {
                    "Fn::Sub": "${AppName}-logs-${AWS::Region}-${AWS::AccountId}"
                },
                "ObjectLockConfiguration": {
                    "ObjectLockEnabled": "Enabled",
                    "Rule": {
                        "DefaultRetention": {
                            "Mode": "COMPLIANCE",
                            "Years": 1
                        }
                    }
                },
                "ObjectLockEnabled": true,
                "PublicAccessBlockConfiguration": {
                    "BlockPublicAcls": true,
                    "BlockPublicPolicy": true,
                    "IgnorePublicAcls": true,
                    "RestrictPublicBuckets": true
                },
                "VersioningConfiguration": {
                    "Status": "Enabled"
                }
            }
        },
        "ObjectStorageLogBucketPolicyPolicy": {
            "Type": "AWS::S3::BucketPolicy",
            "Properties": {
                "Bucket": {
                    "Fn::Sub": "${AppName}-logs-${AWS::Region}-${AWS::AccountId}"
                },
                "PolicyDocument": {
                    "Statement": [
                        {
                            "Action": "s3:*",
                            "Condition": {
                                "Bool": {
                                    "aws:SecureTransport": false
                                }
                            },
                            "Effect": "Deny",
                            "Principal": {
                                "AWS": "*"
                            },
                            "Resource": [
                                {
                                    "Fn::Sub": "arn:${AWS::Partition}:s3:::${AppName}-logs-${AWS::Region}-${AWS::AccountId}"
                                },
                                {
                                    "Fn::Sub": "arn:${AWS::Partition}:s3:::${AppName}-logs-${AWS::Region}-${AWS::AccountId}/*"
                                }
                            ]
                        },
                        {
                            "Action": "s3:PutObject",
                            "Condition": {
                                "ArnLike": {
                                    "aws:SourceArn": {
                                        "Fn::Sub": "arn:${AWS::Partition}:s3:::${AppName}-logs-${AWS::Region}-${AWS::AccountId}"
                                    }
                                },
                                "StringEquals": {
                                    "aws:SourceAccount": {
                                        "Ref": "AWS::AccountId"
                                    }
                                }
                            },
                            "Effect": "Allow",
                            "Principal": {
                                "Service": "logging.s3.amazonaws.com"
                            },
                            "Resource": [
                                {
                                    "Fn::Sub": "arn:${AWS::Partition}:s3:::${AppName}-logs-${AWS::Region}-${AWS::AccountId}/*"
                                }
                            ]
                        }
                    ],
                    "Version": "2012-10-17"
                }
            }
        },
        "ObjectStorageReplicaBucket": {
            "Type": "AWS::S3::Bucket",
            "Metadata": {
                "Comment": "This bucket is used as a target for replicas from the main bucket",
                "checkov": {
                    "skip": [
                        {
                            "comment": "This is the replica bucket",
                            "id": "CKV_AWS_18"
                        }
                    ]
                },
                "guard": {
                    "SuppressedRules": [
                        "S3_BUCKET_DEFAULT_LOCK_ENABLED",
                        "S3_BUCKET_REPLICATION_ENABLED",
                        "S3_BUCKET_LOGGING_ENABLED"
                    ]
                }
            },
            "Properties": {
                "BucketEncryption": {
                    "ServerSideEncryptionConfiguration": [
                        {
                            "ServerSideEncryptionByDefault": {
                                "SSEAlgorithm": "AES256"
                            }
                        }
                    ]
                },
                "BucketName": {
                    "Fn::Sub": "${AppName}-replicas-${AWS::Region}-${AWS::AccountId}"
                },
                "ObjectLockEnabled": false,
                "PublicAccessBlockConfiguration": {
                    "BlockPublicAcls": true,
                    "BlockPublicPolicy": true,
                    "IgnorePublicAcls": true,
                    "RestrictPublicBuckets": true
                },
                "VersioningConfiguration": {
                    "Status": "Enabled"
                }
            }
        },
        "ObjectStorageReplicaBucketPolicyPolicy": {
            "Type": "AWS::S3::BucketPolicy",
            "Properties": {
                "Bucket": {
                    "Fn::Sub": "${AppName}-replicas-${AWS::Region}-${AWS::AccountId}"
                },
                "PolicyDocument": {
                    "Statement": [
                        {
                            "Action": "s3:*",
                            "Condition": {
                                "Bool": {
                                    "aws:SecureTransport": false
                                }
                            },
                            "Effect": "Deny",
                            "Principal": {
                                "AWS": "*"
                            },
                            "Resource": [
                                {
                                    "Fn::Sub": "arn:${AWS::Partition}:s3:::${AppName}-replicas-${AWS::Region}-${AWS::AccountId}"
                                },
                                {
                                    "Fn::Sub": "arn:${AWS::Partition}:s3:::${AppName}-replicas-${AWS::Region}-${AWS::AccountId}/*"
                                }
                            ]
                        },
                        {
                            "Action": "s3:PutObject",
                            "Condition": {
                                "ArnLike": {
                                    "aws:SourceArn": {
                                        "Fn::Sub": "arn:${AWS::Partition}:s3:::${AppName}-replicas-${AWS::Region}-${AWS::AccountId}"
                                    }
                                },
                                "StringEquals": {
                                    "aws:SourceAccount": {
                                        "Ref": "AWS::AccountId"
                                    }
                                }
                            },
                            "Effect": "Allow",
                            "Principal": {
                                "Service": "logging.s3.amazonaws.com"
                            },
                            "Resource": [
                                {
                                    "Fn::Sub": "arn:${AWS::Partition}:s3:::${AppName}-replicas-${AWS::Region}-${AWS::AccountId}/*"
                                }
                            ]
                        }
                    ],
                    "Version": "2012-10-17"
                }
            }
        },
        "ObjectStorageReplicationPolicy": {
            "Type": "AWS::IAM::RolePolicy",
            "Properties": {
                "PolicyDocument": {
                    "Statement": [
                        {
                            "Action": [
                                "s3:GetReplicationConfiguration",
                                "s3:ListBucket"
                            ],
                            "Effect": "Allow",
                            "Resource": {
                                "Fn::Sub": "arn:${AWS::Partition}:s3:::${AppName}-${AWS::Region}-${AWS::AccountId}"
                            }
                        },
                        {
                            "Action": [
                                "s3:GetObjectVersionForReplication",
                                "s3:GetObjectVersionAcl",
                                "s3:GetObjectVersionTagging"
                            ],
                            "Effect": "Allow",
                            "Resource": {
                                "Fn::Sub": "arn:${AWS::Partition}:s3:::${AppName}-${AWS::Region}-${AWS::AccountId}/*"
                            }
                        },
                        {
                            "Action": [
                                "s3:ReplicateObject",
                                "s3:ReplicateDelete",
                                "s3:ReplicationTags"
                            ],
                            "Effect": "Allow",
                            "Resource": {
                                "Fn::Sub": "arn:${AWS::Partition}:s3:::${AppName}-replicas-${AWS::Region}-${AWS::AccountId}/*"
                            }
                        }
                    ],
                    "Version": "2012-10-17"
                },
                "PolicyName": "bucket-replication-policy",
                "RoleName": {
                    "Ref": "ObjectStorageReplicationRole"
                }
            }
        },
        "ObjectStorageReplicationRole": {
            "Type": "AWS::IAM::Role",
            "Properties": {
                "AssumeRolePolicyDocument": {
                    "Statement": [
                        {
                            "Action": [
                                "sts:AssumeRole"
                            ],
                            "Effect": "Allow",
                            "Principal": {
                                "Service": [
                                    "s3.amazonaws.com"
                                ]
                            }
                        }
                    ],
                    "Version": "2012-10-17"
                },
                "Path": "/"
            }
        }
    }
}
