{
    "AWSTemplateFormatVersion": "2010-09-09",
    "Description": "AWS CloudFormation Sample Template RDS_PIOPS: Sample template showing how to create an Amazon RDS Database Instance with provisioned IOPs.**WARNING** This template creates an Amazon Relational Database Service database instance. You will be billed for the AWS resources used if you create a stack from this template.",
    "Metadata": {
        "License": "Apache-2.0"
    },
    "Parameters": {
        "DBUser": {
            "Description": "The database admin account username",
            "Type": "String",
            "NoEcho": "true",
            "MinLength": "1",
            "MaxLength": "16",
            "AllowedPattern": "[a-zA-Z][a-zA-Z0-9]*",
            "ConstraintDescription": "must begin with a letter and contain only alphanumeric characters."
        }
    },
    "Resources": {
        "DBCredential": {
            "Type": "AWS::SecretsManager::Secret",
            "Properties": {
                "GenerateSecretString": {
                    "PasswordLength": 16,
                    "ExcludeCharacters": "\"@/\\",
                    "RequireEachIncludedType": true
                }
            }
        },
        "myDB": {
            "Type": "AWS::RDS::DBInstance",
            "DependsOn": "DBCredential",
            "Properties": {
                "AllocatedStorage": "100",
                "DBInstanceClass": "db.t3.small",
                "BackupRetentionPeriod": 7,
                "Engine": "MySQL",
                "Iops": "1000",
                "MasterUsername": {
                    "Ref": "DBUser"
                },
                "MasterUserPassword": {
                    "Fn::Sub": "{{resolve:secretsmanager:${DBCredential}}}"
                },
                "PubliclyAccessible": false,
                "StorageEncrypted": true
            }
        }
    }
}
