{
    "AWSTemplateFormatVersion": "2010-09-09",
    "Description": "A central event bus rule and log group to collect CloudFormation logs from all target accounts",
    "Parameters": {
        "OUID": {
            "Description": "The Id of the Organization Unit to deploy the stack set to.",
            "Type": "String",
            "Default": "ou-qxtx-vv0thlla"
        },
        "OrgID": {
            "Description": "The Id of the Organization to verify the cross account API call. All accounts in this org will be granted permissions to put events onto the default event bus in this account. Note that this is not the OUID, it's the org itself and should start with o-",
            "Type": "String",
            "Default": "o-jhfo4fcm1s"
        },
        "CentralEventBusName": {
            "Type": "String",
            "Default": "central-cloudformation"
        },
        "CentralEventLogName": {
            "Type": "String",
            "Default": "central-cloudformation-logs"
        }
    },
    "Transform": "AWS::LanguageExtensions",
    "Resources": {
        "CentralEventBus": {
            "Type": "AWS::Events::EventBus",
            "Properties": {
                "Description": "A custom event bus in the central account to be used as a destination for events from a rule in target accounts",
                "Name": {
                    "Ref": "CentralEventBusName"
                },
                "DeadLetterConfig": {
                    "Arn": {
                        "Fn::GetAtt": [
                            "DeadLetterQueue",
                            "Arn"
                        ]
                    }
                }
            }
        },
        "CentralEventBusPolicy": {
            "Type": "AWS::Events::EventBusPolicy",
            "Metadata": {
                "Comment": "Note that the condition requires the Organization ID, not the Organizational Unit ID. If you want to refine the access down to an OU, you could use aws:PrincipalOrgPaths in the condition instead."
            },
            "Properties": {
                "EventBusName": {
                    "Ref": "CentralEventBus"
                },
                "StatementId": "CentralEventBusPolicyStatement",
                "Statement": {
                    "Effect": "Allow",
                    "Principal": "*",
                    "Action": "events:PutEvents",
                    "Resource": {
                        "Fn::Sub": "arn:aws:events:${AWS::Region}:${AWS::AccountId}:event-bus/${CentralEventBusName}"
                    },
                    "Condition": {
                        "StringEquals": {
                            "aws:PrincipalOrgID": {
                                "Ref": "OrgID"
                            }
                        }
                    }
                }
            }
        },
        "CentralEventLog": {
            "Type": "AWS::Logs::LogGroup",
            "DependsOn": "CentralEventBus",
            "Properties": {
                "LogGroupClass": "STANDARD",
                "LogGroupName": {
                    "Ref": "CentralEventLogName"
                },
                "KmsKeyId": {
                    "Fn::GetAtt": [
                        "CentralEventLogKey",
                        "Arn"
                    ]
                }
            }
        },
        "CentralEventLogKey": {
            "Type": "AWS::KMS::Key",
            "Properties": {
                "Description": "KMS key for log group",
                "KeyPolicy": {
                    "Version": "2012-10-17",
                    "Id": "key-policy",
                    "Statement": [
                        {
                            "Action": [
                                "kms:Create*",
                                "kms:Describe*",
                                "kms:Enable*",
                                "kms:List*",
                                "kms:Put*",
                                "kms:Update*",
                                "kms:Revoke*",
                                "kms:Disable*",
                                "kms:Get*",
                                "kms:Delete*",
                                "kms:ScheduleKeyDeletion",
                                "kms:CancelKeyDeletion",
                                "kms:GenerateDataKey",
                                "kms:TagResource",
                                "kms:UntagResource"
                            ],
                            "Effect": "Allow",
                            "Principal": {
                                "AWS": [
                                    {
                                        "Fn::Sub": "arn:aws:iam::${AWS::AccountId}:role/Admin"
                                    }
                                ]
                            },
                            "Resource": {
                                "Fn::Sub": "arn:aws:kms:${AWS::Region}:${AWS::AccountId}:key/*"
                            }
                        },
                        {
                            "Sid": "Allow CloudWatch Logs to use the key",
                            "Effect": "Allow",
                            "Principal": {
                                "Service": "logs.amazonaws.com"
                            },
                            "Action": [
                                "kms:Encrypt*",
                                "kms:Decrypt*",
                                "kms:ReEncrypt*",
                                "kms:GenerateDataKey*",
                                "kms:Describe*"
                            ],
                            "Resource": {
                                "Fn::Sub": "arn:aws:kms:${AWS::Region}:${AWS::AccountId}:key/*"
                            }
                        }
                    ]
                }
            }
        },
        "CentralEventLogQuery": {
            "Type": "AWS::Logs::QueryDefinition",
            "Properties": {
                "Name": "CentralCloudFormationEventLogs",
                "QueryString": "fields time, account, region, `detail.resource-type`, `detail.logical-resource-id`, `detail.status-details.status` | sort @timestamp desc",
                "LogGroupNames": [
                    {
                        "Ref": "CentralEventLogName"
                    }
                ]
            }
        },
        "CentralEventLogQueryReason": {
            "Type": "AWS::Logs::QueryDefinition",
            "Properties": {
                "Name": "CentralCloudFormationFailures",
                "QueryString": "fields time, account, region, `detail.resource-type`, `detail.logical-resource-id`, `detail.status-details.status` as status, `detail.status-details.status-reason` as reason | sort @timestamp desc | filter status like \"FAILED\" | filter reason not like \"canceled\" | filter resource not like \"AWS::CloudFormation::Stack\" ",
                "LogGroupNames": [
                    {
                        "Ref": "CentralEventLogName"
                    }
                ]
            }
        },
        "CentralEventLogPolicy": {
            "Type": "AWS::Logs::ResourcePolicy",
            "Metadata": {
                "Comment": "The PolicyDocument in this resource *must* be JSON, unlike the standard IAM resources that allow YAML. Also note that you have to put the policy here and not in a role referenced by AWS::Events::Rule.RoleArn, which is meant for cross-account scenarios."
            },
            "Properties": {
                "PolicyName": "CentralEventLogResourcePolicy",
                "PolicyDocument": {
                    "Fn::Sub": "{\n  \"Statement\": [\n    {\n      \"Effect\": \"Allow\",\n      \"Principal\": {\n        \"Service\": [\n          \"delivery.logs.amazonaws.com\",\n          \"events.amazonaws.com\"\n        ]\n      },\n      \"Action\": [\n        \"logs:PutLogEvents\",\n        \"logs:CreateLogStream\"\n      ],\n      \"Resource\": \"${CentralEventLog.Arn}\"\n    }\n  ]\n}\n"
                }
            }
        },
        "CentralEventRule": {
            "Type": "AWS::Events::Rule",
            "DependsOn": [
                "CentralEventLog"
            ],
            "Metadata": {
                "Comment": "We use an empty prefix here to capture all events forwarded from target accounts",
                "cfn-lint": {
                    "config": {
                        "ignore_checks": [
                            "W3005"
                        ]
                    }
                }
            },
            "Properties": {
                "Name": "CloudFormationLogs",
                "EventBusName": {
                    "Ref": "CentralEventBusName"
                },
                "State": "ENABLED",
                "EventPattern": {
                    "source": [
                        {
                            "prefix": ""
                        }
                    ]
                },
                "Targets": [
                    {
                        "Arn": {
                            "Fn::GetAtt": [
                                "CentralEventLog",
                                "Arn"
                            ]
                        },
                        "Id": "CloudFormationLogsToCentralGroup",
                        "DeadLetterConfig": {
                            "Arn": {
                                "Fn::GetAtt": [
                                    "DeadLetterQueue",
                                    "Arn"
                                ]
                            }
                        }
                    }
                ]
            }
        },
        "DeadLetterQueue": {
            "Type": "AWS::SQS::Queue",
            "Properties": {
                "QueueName": {
                    "Fn::Sub": "${CentralEventBusName}-DLQ"
                }
            }
        },
        "TargetAccountLogging": {
            "Type": "AWS::CloudFormation::StackSet",
            "DependsOn": [
                "CentralEventRule",
                "CentralEventLog",
                "CentralEventLogPolicy"
            ],
            "Properties": {
                "TemplateBody": {
                    "Rain::Embed": "log-setup-target-accounts.yaml"
                },
                "Capabilities": [
                    "CAPABILITY_IAM"
                ],
                "StackInstancesGroup": [
                    {
                        "DeploymentTargets": {
                            "OrganizationalUnitIds": [
                                {
                                    "Ref": "OUID"
                                }
                            ]
                        },
                        "Regions": [
                            "us-east-1",
                            "us-west-2"
                        ]
                    }
                ],
                "Parameters": [
                    {
                        "ParameterKey": "CentralEventBusArn",
                        "ParameterValue": {
                            "Fn::GetAtt": [
                                "CentralEventBus",
                                "Arn"
                            ]
                        }
                    }
                ],
                "PermissionModel": "SERVICE_MANAGED",
                "Description": "This stack set is part of a sample that demonstrates how to set up cross account logging. It configures logging resources in target accounts.",
                "OperationPreferences": {
                    "FailureToleranceCount": 0,
                    "MaxConcurrentCount": 2,
                    "RegionConcurrencyType": "PARALLEL"
                },
                "AutoDeployment": {
                    "Enabled": true,
                    "RetainStacksOnAccountRemoval": true
                },
                "StackSetName": "log-setup"
            }
        }
    }
}
