{
    "AWSTemplateFormatVersion": "2010-09-09",
    "Description": "This template enables VPC Flow Logs to S3. An option is provided to create an Amazon S3 bucket with encryption to host the flow logs.",
    "Metadata": {
        "AWS::CloudFormation::Interface": {
            "ParameterGroups": [
                {
                    "Label": {
                        "default": "Network Configuration"
                    },
                    "Parameters": [
                        "VPCID"
                    ]
                },
                {
                    "Label": {
                        "default": "VPC Flow Logs Configuration"
                    },
                    "Parameters": [
                        "VPCFlowLogsLogFormat",
                        "VPCFlowLogsMaxAggregationInterval",
                        "VPCFlowLogsTrafficType",
                        "VPCFlowLogsBucketName",
                        "VPCFlowLogsBucketKMSKey",
                        "VPCFlowLogsBucketKeyEnabled",
                        "S3AccessLogsBucketName"
                    ]
                }
            ],
            "ParameterLabels": {
                "S3AccessLogsBucketName": {
                    "default": "S3 Server Access Logs Bucket Name"
                },
                "VPCFlowLogsBucketKeyEnabled": {
                    "default": "VPC Flow Logs Bucket Key Enabled"
                },
                "VPCFlowLogsBucketKMSKey": {
                    "default": "VPC Flow Logs Bucket KMS Key"
                },
                "VPCFlowLogsBucketName": {
                    "default": "VPC Flow Logs Bucket Name"
                },
                "VPCFlowLogsLogFormat": {
                    "default": "VPC Flow Logs - Log Format"
                },
                "VPCFlowLogsMaxAggregationInterval": {
                    "default": "VPC Flow Logs - Max Aggregation Interval"
                },
                "VPCFlowLogsTrafficType": {
                    "default": "VPC Flow Logs - Traffic Type"
                },
                "VPCID": {
                    "default": "VPC ID"
                }
            }
        }
    },
    "Parameters": {
        "S3AccessLogsBucketName": {
            "Description": "(Optional) S3 Server Access Logs bucket name for where Amazon S3 should store server access log files. S3 bucket name can include numbers, lowercase letters, uppercase letters, and hyphens (-). It cannot start or end with a hyphen (-). If empty, a new S3 bucket will be created as a destination for S3 server access logs, it will follow the format, aws-s3-access-logs-<account>-<region>",
            "Type": "String",
            "AllowedPattern": "^$|^(?=^.{3,63}$)(?!.*[.-]{2})(?!.*[--]{2})(?!^(?:(25[0-5]|2[0-4][0-9]|1[0-9]{2}|[1-9]?[0-9])(\\.(?!$)|$)){4}$)(^(([a-z0-9]|[a-z0-9][a-z0-9\\-]*[a-z0-9])\\.)*([a-z0-9]|[a-z0-9][a-z0-9\\-]*[a-z0-9])$)",
            "ConstraintDescription": "S3 bucket name can include numbers, lowercase letters, uppercase letters, and hyphens (-). It cannot start or end with a hyphen (-)."
        },
        "VPCFlowLogsBucketKeyEnabled": {
            "Description": "Set to true to have Amazon S3 use an S3 Bucket Key with server-side encryption using KMS (SSE-KMS). If false, S3 Bucket Key is not enabled. Note, will only be set if KMS Key parameter, 'VPCFlowLogsBucketKMSKey', was provided.",
            "Type": "String",
            "AllowedValues": [
                true,
                false
            ],
            "Default": false
        },
        "VPCFlowLogsBucketKMSKey": {
            "Description": "(Optional) KMS Key ID or ARN to use for the default encryption. If empty, server-side encryption with Amazon S3-managed encryption keys (SSE-S3) will be used. Note, will only be set if S3 Bucket parameter, 'VPCFlowLogsBucketName', was not provided, thus a new S3 bucket is being created.",
            "Type": "String",
            "AllowedPattern": "^$|^[a-z0-9]{8}-[a-z0-9]{4}-[a-z0-9]{4}-[a-z0-9]{4}-[a-z0-9]{12}$|^arn:(aws[a-zA-Z-]*)?:kms:[a-z0-9-]+:\\d{12}:key\\/[a-f0-9]{8}-[a-f0-9]{4}-[a-f0-9]{4}-[a-f0-9]{4}-[a-f0-9]{12}$",
            "ConstraintDescription": "Key ID example: 1234abcd-12ab-34cd-56ef-1234567890ab  Key ARN example:  arn:aws:kms:us-east-2:111122223333:key/1234abcd-12ab-34cd-56ef-1234567890ab"
        },
        "VPCFlowLogsBucketName": {
            "Description": "(Optional) S3 bucket name where VPC Flow Log data can be published. S3 bucket name can include numbers, lowercase letters, uppercase letters, and hyphens (-). It cannot start or end with a hyphen (-). If empty, a new S3 bucket will be created for VPC Flow Log data to be published.",
            "Type": "String",
            "AllowedPattern": "^$|^(?=^.{3,63}$)(?!.*[.-]{2})(?!.*[--]{2})(?!^(?:(25[0-5]|2[0-4][0-9]|1[0-9]{2}|[1-9]?[0-9])(\\.(?!$)|$)){4}$)(^(([a-z0-9]|[a-z0-9][a-z0-9\\-]*[a-z0-9])\\.)*([a-z0-9]|[a-z0-9][a-z0-9\\-]*[a-z0-9])$)",
            "ConstraintDescription": "S3 bucket name can include numbers, lowercase letters, uppercase letters, and hyphens (-). It cannot start or end with a hyphen (-)."
        },
        "VPCFlowLogsLogFormat": {
            "Description": "The fields to include in the flow log record, in the order in which they should appear. Specify the fields using the ${field-id} format, separated by spaces. Using the Default Format as the default value.",
            "Type": "String",
            "Default": "${version} ${account-id} ${interface-id} ${srcaddr} ${dstaddr} ${srcport} ${dstport} ${protocol} ${packets} ${bytes} ${start} ${end} ${action} ${log-status}",
            "AllowedPattern": "^(\\$\\{[a-z-]+\\})$|^((\\$\\{[a-z-]+\\} )*\\$\\{[a-z-]+\\})$"
        },
        "VPCFlowLogsMaxAggregationInterval": {
            "Description": "The maximum interval of time during which a flow of packets is captured and aggregated into a flow log record. You can specify 60 seconds (1 minute) or 600 seconds (10 minutes).",
            "Type": "String",
            "AllowedValues": [
                60,
                600
            ],
            "Default": 600
        },
        "VPCFlowLogsTrafficType": {
            "Description": "The type of traffic to log. You can log traffic that the resource accepts or rejects, or all traffic.",
            "Type": "String",
            "AllowedValues": [
                "ACCEPT",
                "ALL",
                "REJECT"
            ],
            "Default": "REJECT"
        },
        "VPCID": {
            "Description": "ID of the VPC (e.g., vpc-0343606e)",
            "Type": "AWS::EC2::VPC::Id"
        }
    },
    "Conditions": {
        "S3AccessLogsCondition": {
            "Fn::Not": [
                {
                    "Fn::Equals": [
                        {
                            "Ref": "S3AccessLogsBucketName"
                        },
                        ""
                    ]
                }
            ]
        },
        "VPCFlowLogsNewBucketCondition": {
            "Fn::Equals": [
                {
                    "Ref": "VPCFlowLogsBucketName"
                },
                ""
            ]
        },
        "VPCFlowLogsBucketKMSKeyCondition": {
            "Fn::Not": [
                {
                    "Fn::Equals": [
                        {
                            "Ref": "VPCFlowLogsBucketKMSKey"
                        },
                        ""
                    ]
                }
            ]
        }
    },
    "Resources": {
        "VPCFlowLogstoS3": {
            "Type": "AWS::EC2::FlowLog",
            "Properties": {
                "LogDestinationType": "s3",
                "LogDestination": {
                    "Fn::If": [
                        "VPCFlowLogsNewBucketCondition",
                        {
                            "Fn::GetAtt": [
                                "VPCFlowLogsBucket",
                                "Arn"
                            ]
                        },
                        {
                            "Fn::Sub": "arn:${AWS::Partition}:s3:::${VPCFlowLogsBucketName}"
                        }
                    ]
                },
                "LogFormat": {
                    "Ref": "VPCFlowLogsLogFormat"
                },
                "MaxAggregationInterval": {
                    "Ref": "VPCFlowLogsMaxAggregationInterval"
                },
                "ResourceId": {
                    "Ref": "VPCID"
                },
                "ResourceType": "VPC",
                "TrafficType": {
                    "Ref": "VPCFlowLogsTrafficType"
                },
                "Tags": [
                    {
                        "Key": "Name",
                        "Value": "VPC Flow Logs S3"
                    }
                ]
            }
        },
        "VPCFlowLogsBucket": {
            "Type": "AWS::S3::Bucket",
            "Metadata": {
                "guard": {
                    "SuppressedRules": [
                        "S3_BUCKET_SERVER_SIDE_ENCRYPTION_ENABLED",
                        "S3_BUCKET_DEFAULT_LOCK_ENABLED",
                        "S3_BUCKET_REPLICATION_ENABLED"
                    ]
                }
            },
            "Properties": {
                "BucketName": {
                    "Fn::Sub": "aws-vpcflowlogs-${AWS::AccountId}-${AWS::Region}"
                },
                "PublicAccessBlockConfiguration": {
                    "BlockPublicAcls": true,
                    "BlockPublicPolicy": true,
                    "IgnorePublicAcls": true,
                    "RestrictPublicBuckets": true
                },
                "BucketEncryption": {
                    "ServerSideEncryptionConfiguration": [
                        {
                            "ServerSideEncryptionByDefault": {
                                "SSEAlgorithm": {
                                    "Fn::If": [
                                        "VPCFlowLogsBucketKMSKeyCondition",
                                        "aws:kms",
                                        "AES256"
                                    ]
                                },
                                "KMSMasterKeyID": {
                                    "Fn::If": [
                                        "VPCFlowLogsBucketKMSKeyCondition",
                                        {
                                            "Ref": "VPCFlowLogsBucketKMSKey"
                                        },
                                        {
                                            "Ref": "AWS::NoValue"
                                        }
                                    ]
                                }
                            },
                            "BucketKeyEnabled": {
                                "Fn::If": [
                                    "VPCFlowLogsBucketKMSKeyCondition",
                                    {
                                        "Ref": "VPCFlowLogsBucketKeyEnabled"
                                    },
                                    {
                                        "Ref": "AWS::NoValue"
                                    }
                                ]
                            }
                        }
                    ]
                },
                "LoggingConfiguration": {
                    "Fn::If": [
                        "S3AccessLogsCondition",
                        {
                            "DestinationBucketName": {
                                "Ref": "S3AccessLogsBucketName"
                            }
                        },
                        {
                            "Ref": "AWS::NoValue"
                        }
                    ]
                },
                "VersioningConfiguration": {
                    "Status": "Enabled"
                }
            },
            "Condition": "VPCFlowLogsNewBucketCondition"
        },
        "VPCFlowLogsBucketPolicy": {
            "Type": "AWS::S3::BucketPolicy",
            "Properties": {
                "Bucket": {
                    "Ref": "VPCFlowLogsBucket"
                },
                "PolicyDocument": {
                    "Statement": [
                        {
                            "Sid": "AWSLogDeliveryWrite",
                            "Effect": "Allow",
                            "Action": "s3:PutObject",
                            "Resource": {
                                "Fn::Sub": "arn:${AWS::Partition}:s3:::${VPCFlowLogsBucket}/*"
                            },
                            "Principal": {
                                "Service": "delivery.logs.amazonaws.com"
                            },
                            "Condition": {
                                "StringEquals": {
                                    "s3:x-amz-acl": "bucket-owner-full-control"
                                }
                            }
                        },
                        {
                            "Sid": "AWSLogDeliveryAclCheck",
                            "Effect": "Allow",
                            "Action": "s3:GetBucketAcl",
                            "Resource": {
                                "Fn::Sub": "arn:${AWS::Partition}:s3:::${VPCFlowLogsBucket}"
                            },
                            "Principal": {
                                "Service": "delivery.logs.amazonaws.com"
                            }
                        },
                        {
                            "Sid": "DenyNonSSLRequests",
                            "Effect": "Deny",
                            "Action": "s3:*",
                            "Resource": [
                                {
                                    "Fn::Sub": "arn:${AWS::Partition}:s3:::${VPCFlowLogsBucket}"
                                },
                                {
                                    "Fn::Sub": "arn:${AWS::Partition}:s3:::${VPCFlowLogsBucket}/*"
                                }
                            ],
                            "Principal": "*",
                            "Condition": {
                                "Bool": {
                                    "aws:SecureTransport": false
                                }
                            }
                        }
                    ]
                }
            },
            "Condition": "VPCFlowLogsNewBucketCondition"
        }
    },
    "Outputs": {
        "VPCFlowLogsBucket": {
            "Description": "S3 bucket name where VPC Flow Log data will be published",
            "Value": {
                "Fn::If": [
                    "VPCFlowLogsNewBucketCondition",
                    {
                        "Ref": "VPCFlowLogsBucket"
                    },
                    {
                        "Ref": "VPCFlowLogsBucketName"
                    }
                ]
            }
        }
    }
}
