{
    "AWSTemplateFormatVersion": "2010-09-09",
    "Description": "Installing Cloudformation helper scripts in RHEL 9",
    "Parameters": {
        "KeyName": {
            "Description": "Name of an existing EC2 KeyPair to enable SSH access to the instance",
            "Type": "AWS::EC2::KeyPair::KeyName"
        },
        "InstanceType": {
            "Description": "WebServer EC2 instance type",
            "Type": "String",
            "AllowedValues": [
                "t1.micro",
                "t2.nano",
                "t2.micro",
                "t2.small",
                "t2.medium",
                "t2.large",
                "m1.small",
                "m1.medium",
                "m1.large",
                "m1.xlarge",
                "m2.xlarge",
                "m2.2xlarge",
                "m2.4xlarge",
                "m3.medium",
                "m3.large",
                "m3.xlarge",
                "m3.2xlarge",
                "m4.large",
                "m4.xlarge",
                "m4.2xlarge",
                "m4.4xlarge",
                "m4.10xlarge",
                "c1.medium",
                "c1.xlarge",
                "c3.large",
                "c3.xlarge",
                "c3.2xlarge",
                "c3.4xlarge",
                "c3.8xlarge",
                "c4.large",
                "c4.xlarge",
                "c4.2xlarge",
                "c4.4xlarge",
                "c4.8xlarge",
                "r3.large",
                "r3.xlarge",
                "r3.2xlarge",
                "r3.4xlarge",
                "r3.8xlarge",
                "i2.xlarge",
                "i2.2xlarge",
                "i2.4xlarge",
                "i2.8xlarge",
                "d2.xlarge",
                "d2.2xlarge",
                "d2.4xlarge",
                "d2.8xlarge",
                "hs1.8xlarge",
                "cr1.8xlarge",
                "cc2.8xlarge"
            ],
            "Default": "t2.small",
            "ConstraintDescription": "must be a valid EC2 instance type."
        },
        "SSHLocation": {
            "Description": "The IP address range that can be used to SSH to the EC2 instances",
            "Type": "String",
            "Default": "0.0.0.0/0",
            "MinLength": "9",
            "MaxLength": "18",
            "AllowedPattern": "(\\d{1,3})\\.(\\d{1,3})\\.(\\d{1,3})\\.(\\d{1,3})/(\\d{1,2})",
            "ConstraintDescription": "must be a valid IP CIDR range of the form x.x.x.x/x."
        },
        "SubnetId": {
            "Type": "AWS::EC2::Subnet::Id"
        }
    },
    "Mappings": {
        "AWSInstanceType2Arch": {
            "t1.micro": {
                "Arch": "HVM64"
            },
            "t2.nano": {
                "Arch": "HVM64"
            },
            "t2.micro": {
                "Arch": "HVM64"
            },
            "t2.small": {
                "Arch": "HVM64"
            },
            "t2.medium": {
                "Arch": "HVM64"
            },
            "t2.large": {
                "Arch": "HVM64"
            },
            "m1.small": {
                "Arch": "HVM64"
            },
            "m1.medium": {
                "Arch": "HVM64"
            },
            "m1.large": {
                "Arch": "HVM64"
            },
            "m1.xlarge": {
                "Arch": "HVM64"
            },
            "m2.xlarge": {
                "Arch": "HVM64"
            },
            "m2.2xlarge": {
                "Arch": "HVM64"
            },
            "m2.4xlarge": {
                "Arch": "HVM64"
            },
            "m3.medium": {
                "Arch": "HVM64"
            },
            "m3.large": {
                "Arch": "HVM64"
            },
            "m3.xlarge": {
                "Arch": "HVM64"
            },
            "m3.2xlarge": {
                "Arch": "HVM64"
            },
            "m4.large": {
                "Arch": "HVM64"
            },
            "m4.xlarge": {
                "Arch": "HVM64"
            },
            "m4.2xlarge": {
                "Arch": "HVM64"
            },
            "m4.4xlarge": {
                "Arch": "HVM64"
            },
            "m4.10xlarge": {
                "Arch": "HVM64"
            },
            "c1.medium": {
                "Arch": "HVM64"
            },
            "c1.xlarge": {
                "Arch": "HVM64"
            },
            "c3.large": {
                "Arch": "HVM64"
            },
            "c3.xlarge": {
                "Arch": "HVM64"
            },
            "c3.2xlarge": {
                "Arch": "HVM64"
            },
            "c3.4xlarge": {
                "Arch": "HVM64"
            },
            "c3.8xlarge": {
                "Arch": "HVM64"
            },
            "c4.large": {
                "Arch": "HVM64"
            },
            "c4.xlarge": {
                "Arch": "HVM64"
            },
            "c4.2xlarge": {
                "Arch": "HVM64"
            },
            "c4.4xlarge": {
                "Arch": "HVM64"
            },
            "c4.8xlarge": {
                "Arch": "HVM64"
            },
            "r3.large": {
                "Arch": "HVM64"
            },
            "r3.xlarge": {
                "Arch": "HVM64"
            },
            "r3.2xlarge": {
                "Arch": "HVM64"
            },
            "r3.4xlarge": {
                "Arch": "HVM64"
            },
            "r3.8xlarge": {
                "Arch": "HVM64"
            },
            "i2.xlarge": {
                "Arch": "HVM64"
            },
            "i2.2xlarge": {
                "Arch": "HVM64"
            },
            "i2.4xlarge": {
                "Arch": "HVM64"
            },
            "i2.8xlarge": {
                "Arch": "HVM64"
            },
            "d2.xlarge": {
                "Arch": "HVM64"
            },
            "d2.2xlarge": {
                "Arch": "HVM64"
            },
            "d2.4xlarge": {
                "Arch": "HVM64"
            },
            "d2.8xlarge": {
                "Arch": "HVM64"
            },
            "hi1.4xlarge": {
                "Arch": "HVM64"
            },
            "hs1.8xlarge": {
                "Arch": "HVM64"
            },
            "cr1.8xlarge": {
                "Arch": "HVM64"
            },
            "cc2.8xlarge": {
                "Arch": "HVM64"
            }
        },
        "AWSRegionArch2AMI": {
            "us-east-1": {
                "HVM64": "ami-05723c3b9cf4bf4ff"
            },
            "us-west-2": {
                "HVM64": "ami-0b6ce9bcd0a2f720d"
            },
            "us-west-1": {
                "HVM64": "ami-029465c1f346dd34f"
            },
            "eu-west-1": {
                "HVM64": "ami-0f11fb3119dc9fc60"
            },
            "eu-west-2": {
                "HVM64": "ami-023cd3f0d10fb8a9c"
            },
            "eu-west-3": {
                "HVM64": "ami-0c226b3aa389adbef"
            },
            "eu-central-1": {
                "HVM64": "ami-0c0000ceb18c73b8a"
            },
            "ap-northeast-1": {
                "HVM64": "ami-083594d506bfbc152"
            },
            "ap-northeast-2": {
                "HVM64": "ami-07cc74f198bb9e86a"
            },
            "ap-northeast-3": {
                "HVM64": "ami-0ee7ab88ad9d14d40"
            },
            "ap-southeast-1": {
                "HVM64": "ami-0b2aec26bb1a5169d"
            },
            "ap-southeast-2": {
                "HVM64": "ami-003cf7280eac7a28a"
            },
            "ap-south-1": {
                "HVM64": "ami-069d9fecd19e7ed40"
            },
            "us-east-2": {
                "HVM64": "ami-08d616b7fbe4bb9d0"
            },
            "ca-central-1": {
                "HVM64": "ami-093dddc44bec52167"
            },
            "sa-east-1": {
                "HVM64": "ami-07509c78b1456cc84"
            }
        }
    },
    "Resources": {
        "EC2Instance": {
            "CreationPolicy": {
                "ResourceSignal": {
                    "Timeout": "PT10M",
                    "Count": "1"
                }
            },
            "Type": "AWS::EC2::Instance",
            "Metadata": {
                "AWS::CloudFormation::Init": {
                    "configSets": {
                        "full_install": [
                            "install_and_enable_cfn_hup"
                        ]
                    },
                    "install_and_enable_cfn_hup": {
                        "files": {
                            "/etc/cfn/cfn-hup.conf": {
                                "content": {
                                    "Fn::Sub": "[main]\nstack=${AWS::StackId}\nregion=${AWS::Region}\n"
                                },
                                "mode": "000400",
                                "owner": "root",
                                "group": "root"
                            },
                            "/etc/cfn/hooks.d/cfn-auto-reloader.conf": {
                                "content": {
                                    "Fn::Sub": "[cfn-auto-reloader-hook]\ntriggers=post.update\npath=Resources.EC2Instance.Metadata.AWS::CloudFormation::Init\naction=/usr/local/bin/cfn-init -v --stack ${AWS::StackName} --resource EC2Instance --configsets full_install --region ${AWS::Region}\nrunas=root\n"
                                }
                            },
                            "/lib/systemd/system/cfn-hup.service": {
                                "content": "[Unit]\nDescription=cfn-hup daemon\n\n[Service]\nType=simple\nExecStart=/usr/local/bin/cfn-hup\nRestart=always\n\n[Install]\nWantedBy=multi-user.target\n"
                            }
                        },
                        "commands": {
                            "01enable_cfn_hup": {
                                "command": "systemctl enable cfn-hup.service"
                            },
                            "02start_cfn_hup": {
                                "command": "systemctl start cfn-hup.service"
                            }
                        }
                    }
                }
            },
            "Properties": {
                "InstanceType": {
                    "Ref": "InstanceType"
                },
                "SubnetId": {
                    "Ref": "SubnetId"
                },
                "SecurityGroups": [
                    {
                        "Ref": "InstanceSecurityGroup"
                    }
                ],
                "KeyName": {
                    "Ref": "KeyName"
                },
                "ImageId": {
                    "Fn::FindInMap": [
                        "AWSRegionArch2AMI",
                        {
                            "Ref": "AWS::Region"
                        },
                        {
                            "Fn::FindInMap": [
                                "AWSInstanceType2Arch",
                                {
                                    "Ref": "InstanceType"
                                },
                                "Arch"
                            ]
                        }
                    ]
                },
                "UserData": {
                    "Fn::Base64": {
                        "Fn::Sub": "#!/bin/bash -xe\n\nsudo yum update -y\nsudo yum -y install python3-pip\nsudo pip3 install https://s3.amazonaws.com/cloudformation-examples/aws-cfn-bootstrap-py3-latest.tar.gz\n/usr/local/bin/cfn-init -v --stack ${AWS::StackName} --resource EC2Instance --configsets full_install --region ${AWS::Region} \n/usr/local/bin/cfn-signal -e $? --stack ${AWS::StackName} --resource EC2Instance --region ${AWS::Region}\n"
                    }
                }
            }
        },
        "InstanceSecurityGroup": {
            "Type": "AWS::EC2::SecurityGroup",
            "Properties": {
                "GroupDescription": "Enable SSH access via port 22",
                "SecurityGroupIngress": [
                    {
                        "IpProtocol": "tcp",
                        "FromPort": "22",
                        "ToPort": "22",
                        "CidrIp": {
                            "Ref": "SSHLocation"
                        }
                    }
                ]
            }
        }
    }
}
