{
    "AWSTemplateFormatVersion": "2010-09-09",
    "Description": "AWS CloudFormation Sample Template Tagging Root Volumes of EC2 Instances: This template shows how to automatically tag the root volume of the EC2 instances which are created through the CloudFormation template. This is done through the UserData property of the AWS::EC2::Instance resource. **WARNING** This template creates two Amazon EC2 instances and an IAM Role. You will be billed for the AWS resources used if you create a stack from this template.",
    "Parameters": {
        "KeyName": {
            "Description": "Name of an existing EC2 KeyPair to enable SSH access to the ECS instances.",
            "Type": "AWS::EC2::KeyPair::KeyName"
        },
        "InstanceType": {
            "Description": "EC2 instance type",
            "Type": "String",
            "AllowedValues": [
                "t2.micro",
                "t2.small",
                "t2.medium",
                "t2.large",
                "m3.medium",
                "m3.large",
                "m3.xlarge",
                "m3.2xlarge",
                "m4.large",
                "m4.xlarge",
                "m4.2xlarge",
                "m4.4xlarge",
                "m4.10xlarge",
                "c4.large",
                "c4.xlarge",
                "c4.2xlarge",
                "c4.4xlarge",
                "c4.8xlarge",
                "c3.large",
                "c3.xlarge",
                "c3.2xlarge",
                "c3.4xlarge",
                "c3.8xlarge",
                "r3.large",
                "r3.xlarge",
                "r3.2xlarge",
                "r3.4xlarge",
                "r3.8xlarge",
                "i2.xlarge",
                "i2.2xlarge",
                "i2.4xlarge",
                "i2.8xlarge"
            ],
            "Default": "t2.micro",
            "ConstraintDescription": "Please choose a valid instance type."
        },
        "InstanceAZ": {
            "Description": "EC2 AZ.",
            "Type": "AWS::EC2::AvailabilityZone::Name",
            "ConstraintDescription": "Must be the name of an availabity zone."
        },
        "WindowsAMIID": {
            "Description": "The Latest Windows 2016 AMI taken from the public Systems Manager Parameter Store",
            "Type": "AWS::SSM::Parameter::Value<AWS::EC2::Image::Id>",
            "Default": "/aws/service/ami-windows-latest/Windows_Server-2016-English-Full-Base"
        },
        "LinuxAMIID": {
            "Description": "The Latest Amazon Linux 2 AMI taken from the public Systems Manager Parameter Store",
            "Type": "AWS::SSM::Parameter::Value<AWS::EC2::Image::Id>",
            "Default": "/aws/service/ami-amazon-linux-latest/amzn2-ami-hvm-x86_64-gp2"
        },
        "SubnetId": {
            "Type": "AWS::EC2::Subnet::Id"
        }
    },
    "Resources": {
        "WindowsInstance": {
            "Type": "AWS::EC2::Instance",
            "Properties": {
                "ImageId": {
                    "Ref": "WindowsAMIID"
                },
                "SubnetId": {
                    "Ref": "SubnetId"
                },
                "InstanceType": {
                    "Ref": "InstanceType"
                },
                "AvailabilityZone": {
                    "Ref": "InstanceAZ"
                },
                "IamInstanceProfile": {
                    "Ref": "InstanceProfile"
                },
                "KeyName": {
                    "Ref": "KeyName"
                },
                "UserData": {
                    "Fn::Base64": "<powershell>\n  $AWS_AVAIL_ZONE=(curl http://169.254.169.254/latest/meta-data/placement/availability-zone).Content\n  $AWS_REGION=$AWS_AVAIL_ZONE.Substring(0,$AWS_AVAIL_ZONE.length-1)\n  $AWS_INSTANCE_ID=(curl http://169.254.169.254/latest/meta-data/instance-id).Content\n  $ROOT_VOLUME_IDS=((Get-EC2Instance -Region $AWS_REGION -InstanceId $AWS_INSTANCE_ID).Instances.BlockDeviceMappings | where-object DeviceName -match '/dev/sda1').Ebs.VolumeId\n  $tag = New-Object Amazon.EC2.Model.Tag\n  $tag.key = \"MyRootTag\"\n  $tag.value = \"MyRootVolumesValue\"\n  New-EC2Tag -Resource $ROOT_VOLUME_IDS -Region $AWS_REGION -Tag $tag\n</powershell>\n"
                },
                "Tags": [
                    {
                        "Key": "Name",
                        "Value": {
                            "Ref": "AWS::StackName"
                        }
                    }
                ],
                "BlockDeviceMappings": [
                    {
                        "DeviceName": "/dev/sdm",
                        "Ebs": {
                            "VolumeType": "io1",
                            "Iops": "200",
                            "DeleteOnTermination": "true",
                            "VolumeSize": "10"
                        }
                    }
                ]
            }
        },
        "LinuxInstance": {
            "Type": "AWS::EC2::Instance",
            "Properties": {
                "ImageId": {
                    "Ref": "LinuxAMIID"
                },
                "SubnetId": {
                    "Ref": "SubnetId"
                },
                "InstanceType": {
                    "Ref": "InstanceType"
                },
                "AvailabilityZone": {
                    "Ref": "InstanceAZ"
                },
                "IamInstanceProfile": {
                    "Ref": "InstanceProfile"
                },
                "KeyName": {
                    "Ref": "KeyName"
                },
                "UserData": {
                    "Fn::Base64": "AWS_AVAIL_ZONE=$(curl http://169.254.169.254/latest/meta-data/placement/availability-zone)\nAWS_REGION=\"`echo \\\"$AWS_AVAIL_ZONE\\\" | sed 's/[a-z]$//'`\"\nAWS_INSTANCE_ID=$(curl http://169.254.169.254/latest/meta-data/instance-id)\nROOT_VOLUME_IDS=$(aws ec2 describe-instances --region $AWS_REGION --instance-id $AWS_INSTANCE_ID --output text --query Reservations[0].Instances[0].BlockDeviceMappings[0].Ebs.VolumeId)\naws ec2 create-tags --resources $ROOT_VOLUME_IDS --region $AWS_REGION --tags Key=MyRootTag,Value=MyRootVolumesValue\n"
                },
                "Tags": [
                    {
                        "Key": "Name",
                        "Value": {
                            "Ref": "AWS::StackName"
                        }
                    }
                ],
                "BlockDeviceMappings": [
                    {
                        "DeviceName": "/dev/sdm",
                        "Ebs": {
                            "VolumeType": "io1",
                            "Iops": "200",
                            "DeleteOnTermination": "true",
                            "VolumeSize": "10"
                        }
                    }
                ]
            }
        },
        "InstanceRole": {
            "Type": "AWS::IAM::Role",
            "Properties": {
                "AssumeRolePolicyDocument": {
                    "Version": "2012-10-17",
                    "Statement": [
                        {
                            "Effect": "Allow",
                            "Principal": {
                                "Service": [
                                    "ec2.amazonaws.com"
                                ]
                            },
                            "Action": [
                                "sts:AssumeRole"
                            ]
                        }
                    ]
                },
                "Path": "/",
                "Policies": [
                    {
                        "PolicyName": "taginstancepolicy",
                        "PolicyDocument": {
                            "Version": "2012-10-17",
                            "Statement": [
                                {
                                    "Effect": "Allow",
                                    "Action": [
                                        "ec2:Describe*",
                                        "ec2:CreateTags"
                                    ],
                                    "Resource": "*"
                                }
                            ]
                        }
                    }
                ]
            }
        },
        "InstanceProfile": {
            "Type": "AWS::IAM::InstanceProfile",
            "Properties": {
                "Path": "/",
                "Roles": [
                    {
                        "Ref": "InstanceRole"
                    }
                ]
            }
        }
    }
}
